insert into Student values (513652,'name43380','address840445','status236624');
insert into Student values (204082,'name998321','address287490','status870228');
insert into Student values (411261,'name875157','address955414','status560623');
insert into Student values (286612,'name748945','address945779','status142845');
insert into Student values (239667,'name41495','address321899','status898674');
insert into Student values (645262,'name73073','address919992','status724039');
insert into Student values (817210,'name58685','address268017','status46079');
insert into Student values (936491,'name8777','address697881','status233876');
insert into Student values (137880,'name524423','address139090','status987715');
insert into Student values (761275,'name842861','address121263','status980337');
insert into Student values (63092,'name55340','address104359','status386616');
insert into Student values (726413,'name892298','address68068','status680211');
insert into Student values (252120,'name808094','address103355','status626018');
insert into Student values (568821,'name708200','address638775','status419801');
insert into Student values (500208,'name507018','address988302','status471883');
insert into Student values (890439,'name515879','address816501','status269647');
insert into Student values (820424,'name26391','address203535','status279628');
insert into Student values (15641,'name302340','address796416','status744295');
insert into Student values (896786,'name829988','address113441','status923397');
insert into Student values (605956,'name842963','address344908','status497151');
insert into Student values (506141,'name496844','address919766','status698978');
insert into Student values (172451,'name155011','address764124','status542047');
insert into Student values (299486,'name454435','address508726','status576150');
insert into Student values (767123,'name900063','address230729','status453433');
insert into Student values (237098,'name48503','address556921','status170656');
insert into Student values (410417,'name254537','address867195','status212841');
insert into Student values (12025,'name582929','address384520','status859274');
insert into Student values (527006,'name825215','address158317','status245');
insert into Student values (208805,'name59700','address871871','status769958');
insert into Student values (570238,'name625176','address387565','status667596');
insert into Student values (362216,'name353178','address289454','status106194');
insert into Student values (919155,'name337349','address592793','status289480');
insert into Student values (198049,'name137532','address609491','status364019');
insert into Student values (32550,'name398034','address507298','status284525');
insert into Student values (871951,'name292168','address789472','status466618');
insert into Student values (191167,'name857060','address144524','status612585');
insert into Student values (458899,'name150634','address28795','status705764');
insert into Student values (790375,'name430458','address875820','status161748');
insert into Student values (792306,'name401477','address204792','status61811');
insert into Student values (811597,'name452461','address678952','status725103');
insert into Student values (82385,'name772537','address972193','status463160');
insert into Student values (691485,'name334321','address578490','status701031');
insert into Student values (680247,'name306460','address465518','status633802');
insert into Student values (910154,'name837140','address926957','status479696');
insert into Student values (611661,'name54403','address424973','status553230');
insert into Student values (405829,'name135100','address540573','status362859');
insert into Student values (400800,'name485496','address304986','status333422');
insert into Student values (141762,'name48299','address843259','status843618');
insert into Student values (986718,'name155202','address703207','status308644');
insert into Student values (184314,'name418684','address108039','status696393');
insert into Student values (842196,'name48162','address880821','status90606');
insert into Student values (836003,'name643108','address726227','status359453');
insert into Student values (450358,'name613842','address377273','status810200');
insert into Student values (451193,'name896947','address875398','status226310');
insert into Student values (182231,'name107782','address751895','status241079');
insert into Student values (484473,'name266835','address186518','status677590');
insert into Student values (2411,'name811116','address712874','status556714');
insert into Student values (136288,'name285189','address949516','status845704');
insert into Student values (989900,'name991725','address657466','status503513');
insert into Student values (103983,'name434216','address588932','status535940');
insert into Student values (553714,'name100651','address511299','status939896');
insert into Student values (622314,'name255476','address559529','status718743');
insert into Student values (422265,'name658499','address284852','status879682');
insert into Student values (400787,'name308792','address796733','status949629');
insert into Student values (10526,'name678410','address650605','status626879');
insert into Student values (511347,'name591393','address270670','status84057');
insert into Student values (58754,'name790482','address631999','status895296');
insert into Student values (597330,'name161589','address395330','status982713');
insert into Student values (51941,'name764579','address460720','status92512');
insert into Student values (500473,'name624913','address963404','status89940');
insert into Student values (662123,'name673156','address442164','status143042');
insert into Student values (392311,'name199216','address508531','status835405');
insert into Student values (350746,'name425585','address466548','status923863');
insert into Student values (665304,'name986213','address839121','status474031');
insert into Student values (26202,'name457060','address738263','status722799');
insert into Student values (602844,'name518546','address66352','status480499');
insert into Student values (31758,'name628610','address972100','status771917');
insert into Student values (750623,'name421041','address829552','status647122');
insert into Student values (982172,'name796443','address808876','status253575');
insert into Student values (46413,'name315837','address235961','status328131');
insert into Student values (191284,'name357123','address592102','status552691');
insert into Student values (781155,'name520665','address78014','status152695');
insert into Student values (626679,'name91166','address404497','status226282');
insert into Student values (88052,'name262647','address466717','status87872');
insert into Student values (577662,'name334400','address74201','status537352');
insert into Student values (968690,'name167708','address148639','status681040');
insert into Student values (879647,'name847469','address851700','status498919');
insert into Student values (248677,'name852575','address137653','status208317');
insert into Student values (651368,'name483423','address897439','status443559');
insert into Student values (295664,'name91754','address644474','status754111');
insert into Student values (775968,'name775680','address453283','status601001');
insert into Student values (946256,'name17655','address88437','status175664');
insert into Student values (49226,'name506475','address36051','status355150');
insert into Student values (232542,'name815507','address531605','status30026');
insert into Student values (536802,'name59695','address463821','status474876');
insert into Student values (423306,'name493917','address219765','status468780');
insert into Student values (638751,'name524427','address690422','status924761');
insert into Student values (971231,'name944455','address366359','status221653');
insert into Student values (590066,'name404787','address530240','status953997');
insert into Student values (512516,'name29908','address836266','status990823');
insert into Professor values (628867,'name80521','deptId226726');
insert into Professor values (988996,'name8183','deptId108696');
insert into Professor values (361990,'name117861','deptId81784');
insert into Professor values (40932,'name75308','deptId645161');
insert into Professor values (636241,'name41915','deptId876781');
insert into Professor values (54900,'name763504','deptId519436');
insert into Professor values (947745,'name829420','deptId643270');
insert into Professor values (778550,'name388042','deptId893341');
insert into Professor values (350657,'name931707','deptId783518');
insert into Professor values (497916,'name273763','deptId536531');
insert into Course values ('crsCode734514','deptId552073','crsName149567','descr139741');
insert into Course values ('crsCode613381','deptId569101','crsName99984','descr282352');
insert into Course values ('crsCode684071','deptId417923','crsName375094','descr702160');
insert into Course values ('crsCode761924','deptId561171','crsName288590','descr933564');
insert into Course values ('crsCode808465','deptId473849','crsName265580','descr578020');
insert into Course values ('crsCode460690','deptId934533','crsName516344','descr898680');
insert into Course values ('crsCode547909','deptId205691','crsName406882','descr532252');
insert into Course values ('crsCode858991','deptId599194','crsName255043','descr998904');
insert into Course values ('crsCode426688','deptId610234','crsName699026','descr211755');
insert into Course values ('crsCode834725','deptId228942','crsName116159','descr86303');
insert into Course values ('crsCode325739','deptId456650','crsName869615','descr787447');
insert into Course values ('crsCode70283','deptId939678','crsName467285','descr164070');
insert into Course values ('crsCode991894','deptId729759','crsName547690','descr264729');
insert into Course values ('crsCode85374','deptId37703','crsName460680','descr629460');
insert into Course values ('crsCode222334','deptId311443','crsName85416','descr505691');
insert into Course values ('crsCode379815','deptId738955','crsName962806','descr151174');
insert into Course values ('crsCode150024','deptId444638','crsName742158','descr660216');
insert into Course values ('crsCode903418','deptId155563','crsName446550','descr346985');
insert into Course values ('crsCode418821','deptId160860','crsName846136','descr254174');
insert into Course values ('crsCode263666','deptId7789','crsName887226','descr667130');
insert into Teaching values ('crsCode263666','semester64699',497916);
insert into Teaching values ('crsCode426688','semester965527',497916);
insert into Teaching values ('crsCode85374','semester954344',361990);
insert into Teaching values ('crsCode150024','semester216955',497916);
insert into Teaching values ('crsCode613381','semester470482',54900);
insert into Teaching values ('crsCode379815','semester342489',778550);
insert into Teaching values ('crsCode222334','semester311927',628867);
insert into Teaching values ('crsCode263666','semester488913',497916);
insert into Teaching values ('crsCode70283','semester86308',988996);
insert into Teaching values ('crsCode734514','semester438756',361990);
insert into Teaching values ('crsCode761924','semester651215',497916);
insert into Teaching values ('crsCode85374','semester28584',988996);
insert into Teaching values ('crsCode426688','semester162710',54900);
insert into Teaching values ('crsCode70283','semester222401',947745);
insert into Teaching values ('crsCode150024','semester906847',40932);
insert into Teaching values ('crsCode85374','semester9649',40932);
insert into Teaching values ('crsCode858991','semester268823',497916);
insert into Teaching values ('crsCode460690','semester825735',628867);
insert into Teaching values ('crsCode991894','semester646736',350657);
insert into Teaching values ('crsCode70283','semester711162',54900);
insert into Teaching values ('crsCode613381','semester988845',54900);
insert into Teaching values ('crsCode991894','semester148992',947745);
insert into Teaching values ('crsCode325739','semester598313',54900);
insert into Teaching values ('crsCode379815','semester226660',988996);
insert into Teaching values ('crsCode379815','semester971044',54900);
insert into Teaching values ('crsCode263666','semester767155',628867);
insert into Teaching values ('crsCode613381','semester677830',628867);
insert into Teaching values ('crsCode761924','semester29947',988996);
insert into Teaching values ('crsCode418821','semester516378',988996);
insert into Teaching values ('crsCode903418','semester172868',350657);
insert into Teaching values ('crsCode418821','semester493180',636241);
insert into Teaching values ('crsCode734514','semester564776',988996);
insert into Teaching values ('crsCode222334','semester48370',628867);
insert into Teaching values ('crsCode858991','semester953791',636241);
insert into Teaching values ('crsCode761924','semester632020',947745);
insert into Teaching values ('crsCode991894','semester229386',40932);
insert into Teaching values ('crsCode460690','semester51483',350657);
insert into Teaching values ('crsCode379815','semester633085',350657);
insert into Teaching values ('crsCode85374','semester863211',361990);
insert into Teaching values ('crsCode325739','semester591019',636241);
insert into Teaching values ('crsCode325739','semester579140',947745);
insert into Teaching values ('crsCode325739','semester429222',947745);
insert into Teaching values ('crsCode426688','semester477739',350657);
insert into Teaching values ('crsCode613381','semester557910',54900);
insert into Teaching values ('crsCode85374','semester91367',361990);
insert into Teaching values ('crsCode263666','semester690654',497916);
insert into Teaching values ('crsCode858991','semester220145',40932);
insert into Teaching values ('crsCode222334','semester303438',361990);
insert into Teaching values ('crsCode426688','semester944375',54900);
insert into Teaching values ('crsCode418821','semester182531',778550);
insert into Teaching values ('crsCode70283','semester839555',350657);
insert into Teaching values ('crsCode418821','semester743713',778550);
insert into Teaching values ('crsCode734514','semester208623',54900);
insert into Teaching values ('crsCode426688','semester205658',361990);
insert into Teaching values ('crsCode834725','semester915444',497916);
insert into Teaching values ('crsCode613381','semester158499',778550);
insert into Teaching values ('crsCode222334','semester814208',628867);
insert into Teaching values ('crsCode761924','semester388497',497916);
insert into Teaching values ('crsCode761924','semester5471',40932);
insert into Teaching values ('crsCode222334','semester979903',54900);
insert into Teaching values ('crsCode426688','semester271519',497916);
insert into Teaching values ('crsCode834725','semester478376',497916);
insert into Teaching values ('crsCode808465','semester256388',40932);
insert into Teaching values ('crsCode70283','semester537648',350657);
insert into Teaching values ('crsCode70283','semester795505',636241);
insert into Teaching values ('crsCode325739','semester321394',628867);
insert into Teaching values ('crsCode808465','semester724171',947745);
insert into Teaching values ('crsCode734514','semester784533',947745);
insert into Teaching values ('crsCode379815','semester831516',988996);
insert into Teaching values ('crsCode547909','semester739392',628867);
insert into Teaching values ('crsCode150024','semester430492',361990);
insert into Teaching values ('crsCode808465','semester915178',636241);
insert into Teaching values ('crsCode263666','semester110771',497916);
insert into Teaching values ('crsCode150024','semester860389',40932);
insert into Teaching values ('crsCode858991','semester704928',988996);
insert into Teaching values ('crsCode460690','semester967771',988996);
insert into Teaching values ('crsCode991894','semester324358',988996);
insert into Teaching values ('crsCode834725','semester498396',947745);
insert into Teaching values ('crsCode547909','semester955743',361990);
insert into Teaching values ('crsCode684071','semester459451',350657);
insert into Teaching values ('crsCode808465','semester243724',40932);
insert into Teaching values ('crsCode547909','semester136142',636241);
insert into Teaching values ('crsCode222334','semester762301',54900);
insert into Teaching values ('crsCode761924','semester849690',54900);
insert into Teaching values ('crsCode808465','semester917429',988996);
insert into Teaching values ('crsCode547909','semester973817',350657);
insert into Teaching values ('crsCode222334','semester362075',628867);
insert into Teaching values ('crsCode734514','semester439357',350657);
insert into Teaching values ('crsCode684071','semester139481',947745);
insert into Teaching values ('crsCode150024','semester580211',628867);
insert into Teaching values ('crsCode222334','semester241167',497916);
insert into Teaching values ('crsCode547909','semester177007',628867);
insert into Teaching values ('crsCode858991','semester505727',361990);
insert into Teaching values ('crsCode460690','semester706772',988996);
insert into Teaching values ('crsCode263666','semester719496',361990);
insert into Teaching values ('crsCode379815','semester54909',947745);
insert into Teaching values ('crsCode903418','semester411219',361990);
insert into Teaching values ('crsCode613381','semester861690',947745);
insert into Teaching values ('crsCode903418','semester231241',947745);
insert into Teaching values ('crsCode613381','semester508743',988996);
insert into Transcript values (184314,'crsCode379815','semester226660','grade921218');
insert into Transcript values (82385,'crsCode263666','semester488913','grade745415');
insert into Transcript values (597330,'crsCode426688','semester944375','grade29050');
insert into Transcript values (811597,'crsCode426688','semester965527','grade728682');
insert into Transcript values (10526,'crsCode684071','semester459451','grade94244');
insert into Transcript values (871951,'crsCode547909','semester136142','grade8866');
insert into Transcript values (871951,'crsCode991894','semester646736','grade754529');
insert into Transcript values (12025,'crsCode684071','semester459451','grade926544');
insert into Transcript values (536802,'crsCode85374','semester954344','grade583460');
insert into Transcript values (49226,'crsCode858991','semester220145','grade296776');
insert into Transcript values (890439,'crsCode70283','semester222401','grade148914');
insert into Transcript values (451193,'crsCode613381','semester557910','grade904721');
insert into Transcript values (63092,'crsCode379815','semester342489','grade507043');
insert into Transcript values (15641,'crsCode85374','semester9649','grade531938');
insert into Transcript values (896786,'crsCode70283','semester839555','grade851038');
insert into Transcript values (500473,'crsCode761924','semester5471','grade882662');
insert into Transcript values (191167,'crsCode426688','semester162710','grade830560');
insert into Transcript values (26202,'crsCode263666','semester64699','grade44152');
insert into Transcript values (820424,'crsCode263666','semester488913','grade675573');
insert into Transcript values (968690,'crsCode684071','semester139481','grade211879');
insert into Transcript values (500208,'crsCode834725','semester498396','grade854333');
insert into Transcript values (919155,'crsCode325739','semester429222','grade56371');
insert into Transcript values (51941,'crsCode263666','semester110771','grade20200');
insert into Transcript values (184314,'crsCode70283','semester537648','grade775757');
insert into Transcript values (46413,'crsCode761924','semester632020','grade273530');
insert into Transcript values (422265,'crsCode426688','semester944375','grade192795');
insert into Transcript values (761275,'crsCode761924','semester849690','grade582407');
insert into Transcript values (790375,'crsCode613381','semester861690','grade460209');
insert into Transcript values (726413,'crsCode684071','semester459451','grade375159');
insert into Transcript values (879647,'crsCode684071','semester139481','grade673816');
insert into Transcript values (750623,'crsCode613381','semester861690','grade549059');
insert into Transcript values (295664,'crsCode263666','semester690654','grade749002');
insert into Transcript values (680247,'crsCode263666','semester64699','grade35957');
insert into Transcript values (781155,'crsCode263666','semester488913','grade392755');
insert into Transcript values (46413,'crsCode85374','semester9649','grade521708');
insert into Transcript values (208805,'crsCode761924','semester388497','grade310001');
insert into Transcript values (58754,'crsCode426688','semester477739','grade154197');
insert into Transcript values (32550,'crsCode734514','semester784533','grade405013');
insert into Transcript values (82385,'crsCode808465','semester256388','grade206514');
insert into Transcript values (191167,'crsCode858991','semester268823','grade211360');
insert into Transcript values (63092,'crsCode547909','semester955743','grade430679');
insert into Transcript values (570238,'crsCode613381','semester508743','grade675206');
insert into Transcript values (570238,'crsCode263666','semester64699','grade873575');
insert into Transcript values (879647,'crsCode858991','semester953791','grade663149');
insert into Transcript values (605956,'crsCode426688','semester271519','grade586331');
insert into Transcript values (577662,'crsCode70283','semester537648','grade125806');
insert into Transcript values (484473,'crsCode547909','semester973817','grade199738');
insert into Transcript values (392311,'crsCode379815','semester342489','grade116243');
insert into Transcript values (645262,'crsCode903418','semester411219','grade418786');
insert into Transcript values (10526,'crsCode70283','semester711162','grade221847');
insert into Transcript values (31758,'crsCode85374','semester954344','grade849085');
insert into Transcript values (191284,'crsCode263666','semester64699','grade133737');
insert into Transcript values (405829,'crsCode222334','semester303438','grade618380');
insert into Transcript values (605956,'crsCode85374','semester9649','grade811624');
insert into Transcript values (458899,'crsCode70283','semester537648','grade408607');
insert into Transcript values (597330,'crsCode547909','semester177007','grade445031');
insert into Transcript values (726413,'crsCode325739','semester598313','grade814810');
insert into Transcript values (761275,'crsCode70283','semester795505','grade134378');
insert into Transcript values (577662,'crsCode734514','semester438756','grade258738');
insert into Transcript values (51941,'crsCode858991','semester704928','grade208871');
